place_id,name,lat,lon,vicinity
ChIJ49sOdRFbFkcRJVWbAzNeGKk,House of Beer,50.0619869,19.9424034,"Świętego Tomasza 35, Kraków"
ChIJW_EJ3stbFkcRYFUTiaK7dEA,Utopia Bar,50.0625217,19.9734316,"Fabryczna 13, Kraków"
ChIJg69MdRFbFkcRxgPzWW2vpn4,BeerGallery - Luxury,50.0621314,19.9425394,"Świętego Tomasza 30, Kraków"
ChIJy3S5BVRbFkcRF4VUZ-9uMaA,CULT RESTAURANT | KARAOKE | BAR,50.05846219999999,19.9443572,"Wielopole 11, Kraków"
ChIJxx0CJDlbFkcRRpWzMLVWoiQ,Hut-Pus - Obiady Domowe,50.06680219999999,19.9710149,"Mogilska 84, Kraków"
ChIJTcUB77BaFkcRTEjzZ1_4mz0,Ginza Sushi,50.0955386,19.9973303,"Osiedle Złotego Wieku 89, Kraków"
ChIJ_2UmTglbFkcRTNBG5-53WrY,Wine Bar and Shop stoccaggio,50.0635986,19.9307384,"Krupnicza 9, Kraków"
ChIJD1fF9Q1bFkcR4rlCbGHybJY,The Spaghetti,50.06049499999999,19.93719089999999,"Rynek Główny 17, Kraków"
ChIJY-ZB0Q1bFkcRrizwvqLKuAY,Chimera,50.061659,19.934816,"Świętej Anny 3, Kraków"
ChIJS3G_ReZbFkcRCTJ4rEkVDYI,Station Bistro,50.06459939999999,19.98210259999999,"Hampton by Hilton Kraków, Dąbska 5, Kraków"
ChIJDfyB9BJbFkcR7Z60FXB6qjU,Let's Sing Karaoke Bar,50.0585169,19.938094,"Grodzka 34, Kraków"
ChIJiyeS3KBbFkcRJt-RCi9WdC0,Van Groch vegan bistro,50.0425037,19.9432983,"Kalwaryjska 34/U2, Kraków"
ChIJMV6uKDpbFkcR6A1QoXP9Wns,Bar 32 Prosecco&Pinsa,50.062078,19.9428676,"Świętego Tomasza 32, Kraków"
ChIJGR-wkmlbFkcRo-3eHlbC8D8,Golden Tulip Krakow Kazimierz,50.049581,19.943187,"Krakowska 28, Kraków"
ChIJzyvgHT5FFkcR0X587v1m9OA,The North Diner,50.07799439999999,20.030928,"Osiedle Teatralne 11, Kraków"
ChIJb6pxEwBbFkcRaG9iia60j_s,Trattoria dal Toscano,50.05857069999999,19.9381087,"Grodzka 32, Kraków"
ChIJa8t0qthdFkcRYwZrY38-iKQ,"Klub Bilardowy Imperial – bilard, pool & piramida | bar i jedzenie | Kraków",50.0140268,19.9279369,"Zakopiańska 105, Kraków"
ChIJRbefLxJbFkcRyUvUDXsVJUk,Krakowska Koliba,50.06063160000001,19.9403612,"Sienna 11, Kraków"
ChIJPZr7VABbFkcR1s-8xLPWKmU,Beer Garden,50.0506664,19.9452827,"Józefa 11, Kraków"
ChIJPYYtUYdbFkcRwTxYKYDFftY,HELLO ZAPIEKANKA KAZIMIERZ,50.0516107,19.9472601,"Plac Izaaka, Ciemna 4, Kraków"
ChIJhfzpdUNbFkcRrSuh3PU7Ux0,Drukarnia Klub,50.0461451,19.949151,"Nadwiślańska 1, Kraków"
ChIJHVgxPMFbFkcRUjNKcvXL2Gk,UNIVERSE - Klub Komputerowy - Shisha Bar - Cyber Club,50.06816279999999,19.9279203,"Karmelicka 47, Kraków"
ChIJB2KIfjNbFkcRQfbUOteOVQc,TAG | cocktail bar,50.06323869999999,19.9325449,"Podwale 7, Kraków"
ChIJrzu05RFbFkcRE_bfuSovXik,Jazz Club u Muniaka,50.0621719,19.9394849,"Floriańska 3, Kraków"
ChIJv_gc_mpbFkcRnyAlH4nLZcU,Propaganda Pub,50.0527788,19.9437934,"Miodowa 20, Kraków"
ChIJX_C7q3NbFkcRsShNplgccVE,Przystań Wawel Resto Bar,50.05085400000001,19.9343152,"bulwar Czerwieński 3, Kraków"
ChIJH6u7_FdbFkcRkziZfV97V8Q,Lipowa 1,50.0477909,19.9604569,"Lipowa 4D, Kraków"
ChIJI-m1rGtbFkcRRSdvR29uLm8,Kazimir Food & Drink,50.052055,19.943287,"Miodowa 11, Kraków"
ChIJk8ej3N1bFkcRX6j_RLufl70,Spaghetteria Prądnicka,50.07734759999999,19.9362234,"Prądnicka 20A, Kraków"
ChIJNynYVC9bFkcRZfajAT1lz-A,Restauracja Abu Dhabi Oriental,50.0516757,19.9507565,"Starowiślna 78, Kraków"
ChIJEyDzkaFbFkcRxkTRjmmcskw,Single Scena Music Bar,50.06354289999999,19.94051959999999,"Świętego Marka 21, Kraków"
ChIJA5Sf_DhbFkcRBv629hTew2U,Kawa to Zawsze Dobry Pomysł,50.0659545,19.9573033,"rondo Mogilskie 1/09, Kraków"
ChIJPXloQj9DFkcROcANGTD0AxM,Bar „Docent”,50.0116645,19.9946783,"Medyczna 9, Kraków"
ChIJIyIFPxJbFkcR0UsQoBThK3A,Ambasada Śledzia,50.0600054,19.9391523,"Stolarska 8/10, Kraków"
ChIJSdwas6RbFkcRkLswk4upqPY,Dzikie Wino Wine Bar,50.0616946,19.9350947,"Rynek Główny 27, Kraków"
ChIJO4M2vX1bFkcRzCRZCv-NroU,Chez Nicholas Wine,50.04584569999999,19.9555873,"Lwowska 1/Lu10, Kraków"
ChIJmRN8uBpbFkcRzv3hMLj9BT8,R'lyeh Cafe,50.0653269,19.9519509,"Lubicz 28, Kraków"
ChIJRcdAw4JFFkcR7fdBzEi4-v0,Pełna Szklanka,50.0743744,20.0130261,"Jutrzenka 36, Kraków"
ChIJ2XcWJTJbFkcRrWSurIn8cls,Prosecco oyster bar,50.05728790000001,19.9380307,"Grodzka 51, Kraków"
ChIJV_3r7ApbFkcRHNZMTOJwWXo,BeerStreet,50.0509241,19.943034,"Beera Meiselsa 9, Kraków"
ChIJ4_GLuRZbFkcR6sBxI0GBs5I,MISTA RESTAURANT & PIZZA,50.04589199999999,19.94867,"Józefińska 4/2, Kraków"
ChIJZbVkE19bFkcRxjS-Nwa_PTs,NieVinna? - Wine bar Kraków,50.0589889,19.9386409,"plac Dominikański 4, Kraków"
ChIJ1UAKpkFbFkcRkTPqJgynOMY,Czarna Owca • Wino Bar • Kraków Wine Bar,50.05067280000001,19.9496881,"Dajwór 20/LU6, Kraków"
ChIJ5QA3evZbFkcRoXJV35LonRM,Karaoke Spot,50.06152840000001,19.9444999,"Westerplatte 13, Kraków"
ChIJj-fnCrVbFkcR3WgsaVqf-L0,Busz,50.06139899999999,19.942522,"Mikołajska 13/1.2, Kraków"
ChIJ-WCYw-VbFkcReOqxIyokVfY,Wine & Spirits Bar by Grand Ascot,50.06385270000001,19.9292636,"ul, Józefa Szujskiego 4, Kraków"
ChIJA7hvpEdFFkcR7hyXJGwhWFk,Bar na transbudzie,50.0849823,20.0661818,"Ujastek 11, Kraków"
ChIJqVgOWeFbFkcR3ijsYcpjAaE,SPODEK Coffee & Wine,50.06661049999999,19.9224577,"Karola Szymanowskiego 15, Kraków"
ChIJqfE_jQ1bFkcRACp5y0QRBqQ,Bracka 4 Music Club,50.0603631,19.9363609,"Bracka 4, Kraków"
ChIJ02P8cRJbFkcRZqwK1PKvLks,Góralskie Praliny: Cocktails & Desserts,50.0598683,19.9378321,"Grodzka 6, Kraków"
ChIJ2cQ2OWpbFkcRpQ0xoEmi08A,New day blues pub,50.0514559,19.943352,"Bożego Ciała 9, Kraków"
ChIJf4Etug5bFkcRyq0rJ_UpcGk,C.K. Browar | Bar & Restaurant | Est. 1996,50.06341349999999,19.93261099999999,"Podwale 7, Kraków"
ChIJsdw3sBpbFkcRjQgAxoXy6yU,KORBA Piwo Kawiarnia,50.06668489999999,19.9428938,"plac Jana Matejki 6, Kraków"
ChIJq2HqtxVbFkcRkPi0Ks4mAXo,Krakowski Kumpir,50.05820540000001,19.9485663,"Grzegórzecka 3/29, Kraków"
ChIJqc_PtONbFkcRls_lpYPMIa0,Kawa i Wino,50.0668641,19.9408387,"Rynek Kleparski 20, Kioski 42, Kraków"
ChIJoYPyMkFbFkcRJOpzT63PmM0,Hedwig's,50.0529299,19.9409329,"Stradomska 12/14, Kraków"
ChIJ-U-tcWpbFkcRlxQbZkFxgm0,Kraina Szeptów,50.0513226,19.9458788,"Izaaka 1, Kraków"
ChIJRTBRrENbFkcRDf7BK00raxU,Augusta,50.0473228,19.9484197,"Bulwar Kurlandzki, Kraków"
ChIJBVObi2ZFFkcRofGZ64iLvcc,Klub Meta 2.0,50.072882,20.000632,"Aleja Jana Pawła II 78, Kraków"
ChIJ59dNJxBbFkcR1ltwaIsVyUY,Pijarska 17 Restaurant,50.064761,19.9405182,"Pijarska 17, Kraków"
ChIJ20BPthFbFkcRTXjRcaFeK9c,Coffee&Wine Consonni Szpitalna,50.0638493,19.9418489,"Szpitalna 34, Kraków"
ChIJNaSf-A5bFkcRm9ykekA9l0Y,BaniaLuka,50.0641837,19.9360562,"plac Szczepański 6, Kraków"
ChIJaQWdgGxbFkcRC2TSmA75Ws4,BroPub | Craft Beer & Burgers,50.0531753,19.9393859,"Stradomska 11, Kraków"
ChIJS3r8DhJbFkcR0rZFBb0U8ts,Wesele,50.0605918,19.9380579,"Rynek Główny 10, Kraków"
ChIJLZIpzJ5bFkcRgN7saz25w3U,Q-Hotel Bar,50.0471329,19.9318348,Kraków
ChIJF5In8VxDFkcR5Nv2ycOuSkU,Barpol. Bar,50.01859040000001,19.98129,"Spółdzielców 3, Kraków"
ChIJh9rmOR5bFkcRNqqaE9gdX6I,Gin Mill,50.0521991,19.9425925,"Józefa Dietla 49, Kraków"
ChIJ8ykV3w1bFkcRcbmigKunZ8k,Vis a Vis. Drink-bar,50.0618308,19.9358326,"Rynek Główny 29, Kraków"
ChIJVVBBDABbFkcRRuqzHb3S_qg,Auto,50.0580649,19.9409173,"Świętej Gertrudy 6, Kraków"
ChIJ3VJxeyFbFkcRJO3FhfkEpaM,Maniura,50.0522435,19.9416308,"Józefa Dietla 44, Kraków"
ChIJJyF2hQ5bFkcRNxlEU7GLkrs,Multi Qlti Tap Bar | Craft Beer,50.0628837,19.9343811,"Szewska 21, Kraków"
ChIJS7RNvRFbFkcR0vZIlckMgfM,Tom Yum,50.0836627,19.9274873,"Józefa Wybickiego 5A, Kraków"
ChIJRRyK1bFbFkcRQHJDAPO9fXQ,BarBar Krakow,50.0541363,19.9455177,"Świętego Sebastiana 33, Kraków"
ChIJM7UugrJbFkcRSFbWL_XyBS0,SIPS & BITES - Bar & Restaurant,50.0573662,19.9272516,"Wygoda 8, Kraków"
ChIJ_1sBnIBbFkcRAD2ADTfrK2I,Classic Rock Club,50.06441489999999,19.9279559,"Rajska 24, Kraków"
ChIJs0XS59tbFkcRlW-L1mfW3EY,Bosacka Station,50.06742070000001,19.9501188,"Bosacka 5/1a, Kraków"
ChIJNUTFWQ5bFkcRJqMf7KrLNgo,Winosfera Plac Szczepański,50.0638502,19.9362714,"plac Szczepański 8, Kraków"
ChIJrUvG1HJbFkcRPVT1mUMR7qE,Indalo Cafe & Bar,50.05748599999999,19.9313168,"Tarłowska 15, Kraków"
ChIJf_fJ3A1bFkcReBPkLXMdbhs,La Grande Mamma,50.0612259,19.9355602,"Rynek Główny 26, Kraków"
ChIJJ5plTEVbFkcROZ6eOhgOq3w,Pergamin 2.0 Lounge & Skybar,50.0557444,19.9278843,"Aleja Zygmunta Krasińskiego 1/7 piętro, Kraków"
ChIJjzP7XQBbFkcRVYu_wfhoG-w,Bar - Biblioteka,50.06095639999999,19.9423401,"Na Gródku 4, Kraków"
ChIJ4xDnEqNbFkcRwoL3QD8x15s,Little Britain Café & Bar,50.0601897,19.93634630000001,"Bracka 6, Kraków"
ChIJ6z6-W_FbFkcROsLog0lcAa4,🍸🎵 Domingo Restauracja & Bar,50.05904950000001,19.9386829,"plac Dominikański 4, Kraków"
ChIJjdm7YElbFkcRbTeJT0nNNXc,"plac jana nowaka-jeziorankiego, krakow",50.0549158,19.9467434,"Starowiślna 45, Kraków"
ChIJ19fUTrRDFkcR0bU-s1SfFpg,Wypiekane,50.0127867,20.0086895,"Jana Kurczaba 29, Kraków"
ChIJ06xV0RFbFkcRiKN6NoAz-Vo,Huki Muki,50.0636042,19.9402927,"Floriańska 26, Kraków"
ChIJx9oWOatbFkcRVkTWilS_mmU,Tawerna Wilczy Dół,50.0629123,19.9412298,"Szpitalna 22, Kraków"
ChIJNePxKABbFkcRsH2oAKDvGGs,Grill Piwo Łobzów,50.0766462,19.9109411,"3WG6+M9, Kraków"
ChIJQ6OruW5bFkcRrFkgEW_19pg,T.E.A. TIME Brewpub,50.0500996,19.9364737,"Józefa Dietla 1, Kraków"
ChIJJ_KTkAVbFkcRUyTsCi5TgpA,Chata Restaurant,50.0680659,19.937535,"Krowoderska 21, Kraków"
ChIJyz1UIgBbFkcRwSWss7OZqbI,Samochód,50.063588,19.93442,"Szczepańska 3A, Kraków"
ChIJ-7YUNNlbFkcR-fret0Lrx5k,Hookah Place Krakow,50.0491433,19.9598193,"Zabłocie 19A, Kraków"
ChIJEXj7Zw5bFkcRBRuvUCurROM,Youmiko Sushi,50.0518873,19.9425944,"Miodowa 4/pasaż, Kraków"
ChIJUR6KtQRbFkcRfvjtQUT_egk,Polibuda Pub,50.0696612,19.9438825,"Warszawska 17, Kraków"
ChIJ-QyMJGpbFkcR7gINGKIU_bs,Strefa Piwa,50.0505556,19.9433333,"Józefa 6, Kraków"
ChIJ60FTVolbFkcRoK27geb_p8g,Studio 35mm/ml,50.04947539999999,19.9431455,"Krakowska 30, Kraków"
ChIJFwWIW2pbFkcR3IuB-QZ3Dmo,Tajemniczy Ogród,50.05203119999999,19.9447015,"plac Nowy 9, Kraków"
ChIJyXCUPWpbFkcRkLaDQ1JL3aY,Klub Wódki,50.0506047,19.9440588,"Józefa 12, Kraków"
ChIJSUJBYw5bFkcRXXpS9XDLUDk,Four Music Club,50.062794,19.9353879,"Jagiellońska 6, Kraków"
ChIJtd_3L6RbFkcRVtxLV2dTQJE,Chill #53 Cafe & Bar,50.06638909999999,19.968311,"Mogilska 53, Kraków"
ChIJnetrZABbFkcREfxVeubvOag,Cherry,50.0634789,19.9400464,"Floriańska 22, Kraków"
ChIJs6G3rIFbFkcRk6QvxD6Pu6A,Wino Metal,50.05113309999999,19.9432927,"Beera Meiselsa 16, Kraków"
ChIJwfM_kA5bFkcR8leuJm6xocM,Klub Kulturalny,50.0630185,19.93405,"Szewska 25, Kraków"
ChIJi8cTOjFbFkcRvUsuWYfAIZw,Deluxe Hookah,50.0668957,19.959048,"Aleja Pułkownika Władysława Beliny-Prażmowskiego 2d, Kraków"
ChIJw2ObjXpdFkcR8eV6xrOl2XE,Tex Mex Bar,50.03645549999999,19.9248629,"Kapelanka 43, Kraków"
ChIJB3nrzm9bFkcRObSKqdHdPPQ,FABRYCZNA 13 BAR,50.0633244,19.972953,"Fabryczna 13, Kraków"
ChIJLTIG1RVbFkcRP9WA20hOE6A,Hex Cafe,50.05938379999999,19.94940399999999,"Generała Józefa Dwernickiego 5, Kraków"
ChIJuw32TMlFFkcRjv123vLRUEY,Arena Garden,50.0676678,19.9929083,"Stanisława Lema 7, Kraków"
ChIJCx51JRBbFkcRadeKBmPVXUk,Restauracja Vesuvio Restauracja Kuchnia Włoska Pizza,50.06446529999999,19.9409554,"Floriańska 38, Kraków"
ChIJP4rrAxJbFkcRWI8pGQCKeHU,Budda cocktail bar,50.0610996,19.9384991,"Rynek Główny 6, Kraków"
ChIJf3sn3RFbFkcRLxY4jMmd3UA,Baza Pub,50.0627355,19.9398177,"Floriańska 15, Kraków"
ChIJF3jqK2tbFkcRtcoOZW_IO_A,Old Town Restaurant and Wine Bar,50.0601897,19.93634630000001,"Bracka 6, Kraków"
ChIJdyvSjP9bFkcRVNG4xTYS7ck,Targowa2,50.0458223,19.953629,"Targowa 2, Kraków"
ChIJeQPGiGBbFkcRnPYtfP7dAsE,Vietnam,50.0449455,19.9485129,"Kazimierza Brodzińskiego 2, Kraków"
ChIJ79w2rnRbFkcR-lrrlKGhHa0,BISTRO RAJSKI OGRÓD,50.0647499,19.9302959,"Rajska 8, Kraków"
ChIJv6Zwm3JbFkcRReBaeUGizTE,Groble Skybar lounge,50.05522250000001,19.9328038,"plac Na Groblach 22, Kraków"
ChIJJxefxRJbFkcRnVT5R70sv54,La Campana,50.0570175,19.93728309999999,"Kanonicza 7, Kraków"
ChIJjwarlZdbFkcRhEfiP5kN8Fo,Piano Bar,50.059816,19.939096,"Stolarska 10, Kraków"
ChIJb7MQjW9bFkcRJwL6Z5XtRGc,Park Inn by Radisson Krakow,50.047459,19.9297859,"Monte Cassino 2, Kraków"
ChIJX97YhlRbFkcRUefFiQ5Brro,Bottega Deli & Cafe,50.05353769999999,19.921705,"Tadeusza Kościuszki 39, Kraków"
ChIJ9VwwOkRDFkcRsx--ZmvxMSo,Drink Bar UFO,50.0134835,19.9725614,Kraków
ChIJ7ZKu2ERDFkcRJfJCsiROHIk,COBRA,50.016781,19.9733777,"Białoruska 8B, Kraków"
ChIJU0AoYyhbFkcRNs08axsXIGo,Świat Kraftu Beer & Burger,50.0733555,19.9809465,"Janusza Meissnera 19, Kraków"
ChIJxctwh89bFkcRFPmDrqKXlvY,The Secret – Bar & Gentlemen's Strip Club in Krakow,50.06322900000001,19.9398759,"Floriańska 18, Kraków"
ChIJtzstdCBbFkcRfBd2eOUiDxg,Piwnica,50.0621099,19.9419646,"Świętego Tomasza 31, Kraków"
ChIJrxSK-hJbFkcRIW_uLPqmx6M,Restauracja Taco Mexicano,50.0582432,19.9389058,"Poselska 20, Kraków"
ChIJHaD7DblaFkcR01DUCrrGCTY,"Sklep & Bar ""Przysmak""",50.093931,19.9893427,"Osiedle Oświecenia 46A, Kraków"
ChIJV_XzvQ1bFkcRzZFFbqQInD8,Still bar,50.060353,19.9352033,"Gołębia 8, Kraków"
ChIJ8W8oerpbFkcRiIbINxB6AWc,Akwarium. Klubokawiarnia,50.0717746,19.9085734,"Juliusza Lea 90a, Kraków"
ChIJL9W6FhJbFkcRprm2YjaT_js,Szoto,50.060601,19.9359357,"Bracka 3/5, Kraków"
ChIJaRxZ8mxbFkcRRBGXljy8sUs,Szklanki,50.0518806,19.9465487,"Jakuba 19, Kraków"
ChIJOYCBBRJbFkcRJG7USGlLnDc,Club Jaszczury,50.06083330000001,19.9383333,"Rynek Główny 8, Kraków"
ChIJDUd7nChbFkcRBMeFO0knvG0,Wine Barrel • Galeria Kazimierz,50.0547875,19.9551499,"Podgórska 34, Kraków"
ChIJHfLaQ7ZbFkcRH_Jmpxn2nD0,5th Avenue Restaurant & Lounge Bar,50.06459939999999,19.98210259999999,"Dąbska 5, Kraków"
ChIJBQtQDWxbFkcReUSwnhkIHjU,Fog House Pub & Grill,50.05223540000001,19.9382007,"Koletek 11, Kraków"
ChIJefu_NWVbFkcR4ytsqnsq3kg,Pierogarnia,50.08421120000001,19.9279657,"Józefa Wybickiego 8, Kraków"
ChIJtyTKHgBbFkcRp-m-AsELSn0,Bar a chat 🐱,50.0624094,19.9317597,"Podwale 3, Kraków"
ChIJ05r4LalbFkcRtu30UCpJTVg,Stara Piwnica cocktail&music bar,50.04835560000001,19.9453768,"Mostowa 2, Kraków"
ChIJAQDwBZlcFkcRCMeygjyApoQ,Sprawdzeni Barmani,50.0293734,19.9256024,"Wacława Lipińskiego 3/1, Kraków"
ChIJCSuQLStbFkcRe6215OlEZdk,belloVan,50.0678228,19.98695679999999,"Dąbska 26, Kraków"
ChIJDXDGhEtbFkcRVCQ0eSppJs0,Wódka Café Bar,50.0512305,19.9438734,"Beera Meiselsa 15, Kraków"
ChIJs4cLtalFFkcRuwmPKMbd7BE,"Beer & Darts "" Fortuna """,50.0958523,20.0651507,"Osiedle Na Wzgórzach 21, Kraków"
ChIJW97LZWpbFkcRm6BMJk8LI5c,BAR Królicze Oczy. Ogród Letni,50.0517555,19.9455727,"Estery 14, Kraków"
ChIJH_DXS2pbFkcRTAA_0bYZXbQ,Piękny Pies,50.04886320000001,19.944799,"plac Wolnica 9, Kraków"
ChIJ66XFDZlcFkcRLv2BpGek6m4,Bar Event Group - Barista Na Targi - Barmani Na Eventy - Mobilne Bary Kawowe - Mobilne Drink Bary,50.0293734,19.9256024,"Wacława Lipińskiego 3/1, Kraków"
ChIJm76ksXhbFkcReinGh-fkyjk,"Bar mleczny ""Pod Temidą""",50.0577852,19.9379461,"Grodzka 43, Kraków"
ChIJrYy35TZbFkcRROhvy1oukns,Pan Focaccia,50.05118419999999,19.9423633,"Krakowska 6, Kraków"
ChIJceQztH5bFkcR016ieSrvpcM,Baza Klub,50.04835560000001,19.9453768,"Mostowa 2, Kraków"
ChIJ9cssAz5FFkcRlwGvZ3rZdAU,Bar Majka,50.0777286,20.0304101,"11, Kraków"
ChIJBX58ylpbFkcR92BX70vCpm8,One More Burger. Smash Burgers. Street Food,50.04599690000001,19.9549445,"Na Zjeździe 6b, Kraków"
ChIJmRmpritbFkcRGQk5j1w75fA,Grillowe Smaki,50.0362565,19.939369,"Wadowicka 1A, Kraków"
ChIJOxPI51dbFkcRLn_N9Pljc-o,Barka Mauretania,50.0466642,19.946704,"Bulwar Kurlandzki 137/7, Kraków"
ChIJ75yBDqRbFkcRCB7P0HHv_dc,Brasserie L'Olympique,50.0647737,19.9395055,"Pijarska 13, Kraków"
ChIJ16qSNgVbFkcRQPB5tG549oc,Bistro Bar Filipa 18,50.06771699999999,19.9420033,"Świętego Filipa 18, Kraków"
ChIJSZ8LJwBbFkcRiZU_gd0LMdI,Bawietka,50.0481592,19.945902,"Mostowa 6, Kraków"
ChIJ_zIfgQNbFkcRn2yAm5L2jWU,Pub SPOKO Podgórze Kraków,50.04325739999999,19.9467799,"Kalwaryjska 9/15, Kraków"
ChIJW5aRJalFFkcRnoHc4_F79CU,Panorama Restoclub,50.0856424,20.0183946,"Generała Witolda Urbanowicza 4, Kraków"
ChIJK3zxKwBFFkcRcOqmu_6GI6U,Família Brazilian Bar,50.0621099,19.9419646,"Świętego Tomasza 31, Kraków"
ChIJ10TWJBJbFkcR3ND62xNF6-U,Moo Moo,50.06060489999999,19.940158,"Sienna 9, Kraków"
ChIJ4UsfQQ5bFkcRh8q0C40JDBU,Free Pub,50.0632659,19.9371185,"Sławkowska 4, Kraków"
ChIJl5pp4WhbFkcRCVipGIrBiSY,Galileo Shisha Lounge Bar,50.05121200000001,19.9421035,"Pod Arkadami, Krakowska 5/3U, Kraków"
ChIJhSeJSGpbFkcRyE5vnSyZ81c,Rzeźnia – Ribs on Fire,50.0514821,19.9436888,"Bożego Ciała 14, Kraków"
ChIJJQ-a4clbFkcRD1LYzEHRqPA,BoatBar,50.0486441,19.9342166,"Bulwar Wołyński, Kraków"
ChIJJWx2u_VbFkcRY4a-oGzOQ3o,Fabryczna 13,50.0625657,19.9735542,"Fabryczna 13, Kraków"
ChIJPbq8eW5bFkcRwpzOqIB1OEE,Miro Winiarnia i Sklep,50.0450122,19.9492383,"Rynek Podgórski 13, Kraków"
ChIJh6KksxFbFkcRV8C-XoTPWBU,The Artist Cocktail Bar,50.0643489,19.937752,"Świętego Marka 11A, Kraków"
ChIJoZt0-vVbFkcRMzjFkNuPfRY,PonchoCafé | Latino Bar,50.07063669999999,19.9368437,"Długa 47, Kraków"
ChIJqT7T6dNbFkcRUyp4HJfIqQQ,Layla Restaurant & Lounge Bar,50.0563756,19.9459509,"Józefa Dietla 91, Kraków"
ChIJb-LaAgBdFkcR6y0j4bMt7VA,Butelkomat,50.01908220000001,19.9444279,"Tadeusza Połomskiego 14, Kraków"
ChIJc82_WBdbFkcRcrWwh-0ZG2s,Browar Lubicz,50.0646965,19.9498977,"Lubicz 17J, Kraków"
ChIJpZxB7HNbFkcRiI_NeAhjEb4,Smil'y Tavern,50.054145,19.9260003,"Tadeusza Kościuszki 14, Kraków"
ChIJB99IaABbFkcRHGpE1GNFdm8,Lesu Wine & Dine,50.05308609999999,19.9464111,"Miodowa 33, Kraków"
ChIJ_7y28ypbFkcRPFnehKZNPSI,Moo Moo Steak & Wine Kazimierz,50.0531971,19.9479371,"Szeroka 3, Kraków"
ChIJO0XPfABbFkcRSktfIdsasB8,Resto Bar u Iryny,50.0958,19.9570851,"Bociana 8D, Kraków"
ChIJV_LEVCdbFkcRpYUSSqfASt0,"Bifor House, simracing, konsole, dart, planszówki, transmisje meczów, BYOB",50.0714242,19.9332705,"Krowoderska 58/4, Kraków"
ChIJd0c0R-xbFkcRdK1Am-2rXJE,Kebab YEAH,50.0443776,19.958936,"Jana Henryka Dąbrowskiego 5, Kraków"
ChIJ-XaIevVbFkcRtogieeRlELY,BAZA Cyber Club Zablocie,50.0479843,19.9649801,"Tadeusza Romanowicza 4B, Kraków"
ChIJUxK6mBFbFkcRrIErTuk2cJQ,Dog in the Fog,50.0621099,19.9419646,"Świętego Tomasza 31, Kraków"
ChIJ25EKohFbFkcR8o8uEPaVH18,Oldsmobil Pub,50.0621099,19.9419646,"Świętego Tomasza 31, Kraków"
ChIJ--zXXRJbFkcRaNTfe-AEoXE,Albertina Restaurant & Wine,50.0589948,19.9394673,"Dominikańska 3, Kraków"
ChIJ2ezWFWpbFkcRS5qXPBzBoWU,Kawa i Papierosy,50.0507146,19.9444388,"33-332, Józefa 16, Kraków"
ChIJL601569bFkcRxVVbTXOPJ90,Holiday Pub,50.05846219999999,19.9443572,"Wielopole 11/1, Kraków"
ChIJVZ5iLfRbFkcR9iOLwlWGQZM,Cosmic Minigolf Pub,50.06716489999999,19.928389,"Karmelicka 50, Kraków"
ChIJBwntouNbFkcRLBvZmF0xOPc,Anima,50.05570519999999,19.931159,"Powiśle 7, Kraków"
ChIJR6n7hClbFkcR0ldy5BDJvhM,Scarlet Coffee & Drink Bar,50.05320030000001,19.9460448,"Miodowa 28, Kraków"
ChIJfRmg6ihbFkcRuVyoUoqHaM0,Outpost Grill Bar,50.0665795,19.9767674,"Kosynierów 5, Kraków"
ChIJEXR-pVRbFkcRU99V7UxGRmM,Foggy Krakow Shisha Lounge Bar Karaoke & Sushi,50.0646183,19.9395405,"Świętego Jana 30, Kraków"
ChIJx89lXAhFFkcRiHTjAOSylGU,Viale Verde Ristorante,50.0675007,20.0078503,"Aleja Pokoju 81, Kraków"
ChIJ0UtfCDNbFkcRiyhhjH-JCDk,Hot Mamita - pizza by the slice.,50.05777549999999,19.9378225,"Grodzka 43, Kraków"
ChIJmzoTiBFbFkcRvON--cfCMPE,Albo tak cafe,50.0611629,19.94061,"Mały Rynek 4, Kraków"
ChIJLc14YQdbFkcRF6bMe1iytYc,Grill Sauseges near Hala Targowa,50.0582771,19.9491334,"Grzegórzecka, Kraków"
ChIJBYPBnU1bFkcRRKhAtOn_TmU,RETRO | Cocktail Pub Kraków,50.0527662,19.9450359,"Miodowa 23, Kraków"
ChIJH1FI8fVbFkcRuNQZPTvsjyw,Coffee To Go,50.068312,19.947215,"Pawia 5a, Kraków"
ChIJY7cwfqxaFkcRWyUHlfH5DYU,Bar Omega,50.10167269999999,20.0121551,"Osiedle Bohaterów Września 76, Kraków"
ChIJzaA37hFbFkcRxJIWj6Pk0Eg,Bulldog,50.0619878,19.9397256,"plac Mariacki 1/4, Kraków"
ChIJW8p7gxFbFkcR-0hqwQUxiD0,Jadłodajnia U STASI,50.06147379999999,19.9415913,"Mikołajska 16, Kraków"
ChIJBX1glNZbFkcRWp9Sf0NBxI0,ZOO Klub,50.0505368,19.9433701,"Józefa 6/1 P, Kraków"
ChIJHUC8hm9bFkcRyoaWWwMCrL0,Ita,50.0458445,19.9483839,"Józefińska 2, Kraków"
ChIJZSG6WNNbFkcRqvMhcv10D3U,Huma Parilla Concept Bar,50.0577779,19.9383667,"Grodzka 44, Kraków"
ChIJ4Tm53eRbFkcRzLrkVQbFTWM,Tutti Italian Vibe Restaurant,50.0532467,19.9550978,"Podgórska 34, Kraków"
ChIJnz4y_GpbFkcRO50ZS044QoY,La Habana,50.0528621,19.9439988,"Miodowa 22, Kraków"
ChIJLTls8r5EFkcRL5Ptsz9dHZ8,Barbakan,50.041776,19.999919,"Lipska 51, Kraków, Kraków"
ChIJf0UYvUFbFkcR4eJIQrpN7hQ,Duffy's Irish Bar,50.0503738,19.9488813,"Św. Wawrzyńca 18, Kraków"
ChIJAZfj7bdbFkcRhlRqMRPXkBI,Tradycyjna Pijalnia Soków,50.07470960000001,19.9013291,"Młodej Polski 24, Kraków"
ChIJXfBkMABbFkcRIjMn4hP8Mrs,Nu,50.0474678,19.9624975,"Lipowa 6c, Kraków"
ChIJfTP41BpbFkcR-RjsDPebZe0,Kolegaodwina,50.07103719999999,19.9237149,"Józefitów 9, Kraków"
ChIJFfC2vS1bFkcRpnuoYR5Zl74,MyPub Bracka,50.0605571,19.9361165,"Bracka 3/5/7, Kraków"
ChIJz3vbN2pbFkcR8ATOA0llY-I,HEVRE | Bar & Restaurant,50.05118330000001,19.9434319,"Beera Meiselsa 18, Kraków"
ChIJDXVa30FbFkcR01G4eVubqS8,Restauracja Wręga,50.0509928,19.9464525,"Józefa 17, Kraków"
ChIJSW1PeBFbFkcRvgi65blKm0c,AWARIA,50.0612444,19.941935,"Mikołajska 9, Kraków"
ChIJIZeutkhbFkcR94qcL8mSHyQ,Fiu Fiu Bistro,50.067231,19.9409868,"Rynek Kleparski 20/52, Kraków"
ChIJfSPfhg5bFkcR6Odo6nyjEx8,RIN music club,50.062559,19.9345122,"Szewska 14, Kraków"
ChIJY7RLdK1bFkcRFxzbWs8pkQ0,"Budka - lody włoskie, gofry",50.0529773,19.9162666,"Senatorska 39, Kraków"
ChIJbyyoPQBbFkcRm19AXF-tJWA,Club Papuga,50.0546128,19.9435154,"Józefa Dietla 64, Kraków"
ChIJIWP6HwBDFkcRaB3dau-YBXg,Plac Świętego Piotra,50.0123583,19.9719957,"Łużycka 57/61, Kraków"
ChIJfWV4wwlbFkcR3i8Omwc4GA4,Mash Room,50.0487754,19.9448284,"plac Wolnica 10, Kraków"
ChIJffwH4xFbFkcRdb9UjguiRHU,Pijalnia Czekolady E.Wedel,50.062256,19.9388943,"Rynek Główny 46, Kraków"
ChIJw7AOUklbFkcRo2JLBQOOMTc,Mateo,50.04613000000001,19.9661892,"Wałowa 1, Kraków"
ChIJsZBu6mpbFkcRtbOQ22y2jkE,"""Pracownia"" Cafe & Pub",50.0533553,19.9458262,"Brzozowa 15, Kraków"
ChIJJ4ngDkBbFkcRaaC0SXi9O2U,Zaraz Wracam Tu,50.0537571,19.94919849999999,"Miodowa 51a, Kraków"
ChIJT13TE7BbFkcRW-bK9v7Bd_I,Złoty Róg Bar & Kawiarnia Speciality,50.0813446,19.899281,"Złoty Róg 2, Kraków"
ChIJAdqK3mlbFkcRcX1XNFGY1y8,Kebab no 13,50.04825589999999,19.944049,"plac Wolnica 13, Kraków"
ChIJXTH0NQ5bFkcRVXa1VuJOVdw,Chicago Jazz Live Music,50.06390539999999,19.9379838,"Sławkowska 11, Kraków"
ChIJOwV_mg5bFkcRXqI8vmefnpc,Zalipianki | Ewa Wachowicz,50.06295069999999,19.9336676,"Szewska 24, Kraków"
ChIJryovtGtbFkcRLacOT8K7iDQ,Zlew,50.0515372,19.9424536,"Miodowa 3, Kraków"
ChIJpTmeE3BbFkcRw8ujYUkfc5w,Prosecco drink & tapas,50.0639089,19.93791,"Sławkowska 13/15, Kraków"
ChIJQUiBMWhFFkcRFmmtRrrj4Qg,Bar pod 15-stką,50.0891023,20.0400743,"Kornela Makuszyńskiego 15, Kraków"
ChIJIUyfSQ5bFkcRai-EfFLv7eg,"Antycafe - Bar, Pub & Multitap Kraków",50.06387350000001,19.9375776,"Sławkowska 12, Kraków"
ChIJfffMZglbFkcR1evSvkqd5Os,Dynia Resto Bar,50.0633578,19.9291073,"Krupnicza 20, Kraków"
ChIJJUFou_RbFkcRc6qZxI7irSQ,The Dog Food Truck,50.0503571,19.9479546,"Św. Wawrzyńca 16, Kraków"
ChIJqYvfcRBbFkcRWs--kvqwoI4,Sky Bar 5.floor,50.05266940000001,19.9484582,"Szeroka 12, Kraków"
ChIJX9OwDgBbFkcRappPnb1dBrE,Mural Bar,50.0633367,19.9287848,"Krupnicza 24, Kraków"
ChIJ09SGuR9bFkcRD7kdh9tZfJs,Strefa Piwa Sklep,50.0720737,19.959284,"Aleja Pułkownika Władysława Beliny-Prażmowskiego 49A, Kraków"
ChIJDfTsRP5bFkcRkbpFe7TSjbQ,Kropka Kraków,50.0506944,19.9407188,"Józefa Dietla 31, Kraków"
ChIJM0mE7GpbFkcREX74DeULQGQ,Domówka Cafe,50.0531568,19.9458326,"Miodowa 28 a, Kraków"
ChIJKSNtiPBbFkcRToh5mDDw2hg,Miodowe Love,50.0529966,19.9461687,"Miodowa 31, Kraków"
ChIJC0Z6IQBFFkcR1uTLOUTaU_0,Parking,50.07836779999999,20.0631512,"aleja Solidarności 20, Kraków"
ChIJL5ACWBFbFkcR8yMAKa8QHb0,Diament | Billiard Club,50.06058960000001,19.9447339,"Mikołaja Zyblikiewicza 2, Kraków"
ChIJvUJRWA9bFkcRzOCfTRYtDeY,Cezar Kebab,50.06929599999999,19.9258773,"Plac Inwalidów B/N, Kraków"
ChIJWZ0zVkNbFkcRWXQWZAuxYEM,Ciepło,50.050377,19.9387329,"Józefa Dietla 15, Kraków"
ChIJVfeSRkRbFkcRRLfvUgAYKKE,TWORZYWO cafe/bar,50.0464924,19.9539572,"Plac Bohaterów Getta 2, Kraków"
ChIJx00fSUpbFkcRTuPX1_OB3UE,Restauracja Tawerna Miejska,50.0529384,19.9397468,"Stradomska 13, Kraków"
ChIJGUo_PQBbFkcRorKugRK82Yk,Тут пила пиво,50.06104389999999,19.9412308,"Świętego Krzyża 4, Kraków"
ChIJKb9OEv1bFkcRIJK6cIP960o,Dragon Tail,50.0494679,19.9432758,"Krakowska 30, Kraków"
ChIJFwWIW2pbFkcRAzXHAn8_PRE,Le Scandale,50.05191629999999,19.9445152,"plac Nowy 9, Kraków"
ChIJUzxtRxBbFkcRT14eXW3gduk,Coco | Music Club,50.0642229,19.9421735,"Szpitalna 38, Kraków"
ChIJBcoRJUBbFkcRvQVwDKaU2Mc,Max 14,50.0524687,19.9484515,"Szeroka 14, Kraków"
ChIJZS8jFkBFFkcRo5rvFjxZvAs,Fuxon,50.0831625,20.0335472,"Szybka 25, Kraków"
ChIJyfbX6RJbFkcRN2PzBQzU-98,Grand Pub Kraków,50.05756119999999,19.9378598,"Senacka 9, Kraków"
ChIJORY8l4xbFkcRDuO3HC06xls,OGIEŃ Bar&Coffee,50.0513237,19.9434851,"Bożego Ciała 11, Kraków"
ChIJ59WELABFFkcRaFPevhIhO2c,Halo no pizza,50.0651134,20.0125067,"Sołtysowska 11, Kraków"
ChIJrw5n-WxFFkcRL5pZU1d1-Es,Bar Zapiekanki Hot-Dog Napoje,50.0341908,19.9749953,"Prokocimska 2a, Kraków"
ChIJFaK-PPVcFkcRVXUmHJqHxTI,Sol Snack Bar,50.0201505,19.894375,"Green Office - budynek B, Czerwone Maki 84/C, Kraków"
ChIJf_Ic9F5bFkcRvz1Eo_GF2KU,Nio Cocktails,50.0378862,19.9412951,"Kalwaryjska 79, Kraków"
ChIJufuctQ9bFkcRgmzQiArIT08,Hanashi - Omakase Experience,50.05724310000002,19.9412069,"Świętej Gertrudy 10, Kraków"
ChIJn7kHJwJbFkcRJINcVOHZymY,PROMINENT The Original Lounge Bar | PROMINENT Pizza,50.0752561,19.9404481,"Kamienna 17, Kraków"
ChIJ_QJAwxBbFkcR6oRRVA2FRfI,Smok w Dymie,50.06363529999999,19.9460268,"Ludwika Zamenhofa 6/1a, Kraków"
ChIJEez9GWZbFkcRjSc_ic-sSR0,"Arcade Bee – Atrakcje, Restauracja i Cocktail Bar",50.0676986,19.95822859999999,"Unity Centre, Aleksandra Lubomirskiego 24, Kraków"
ChIJK3v1NblFFkcRVjNOcX4r9Ek,Hala Centralna Activity & Food,50.0677789,20.0139697,"Centralna 41A, Kraków"
ChIJ211YoWpbFkcRUoxDvzw-SW4,Pub Pod Ziemią | Rock Pub,50.053374,19.9477139,"Miodowa 43, Kraków"
ChIJ5QSUxA1bFkcRqelZkN0JdGc,Czeczotka bar,50.0613526,19.9353136,"Świętej Anny 2, Kraków"
ChIJeZC0my1bFkcRBqe84O91fU0,Billiard Club Cafe,50.0600654,19.9809869,"Widok 11, Kraków"
ChIJk_s1cBJbFkcRHMPQ9RTV_5I,Wiejskie Jadło,50.05980760000001,19.9376468,"Grodzka 9, Kraków"
ChIJGwMBsfVbFkcRzl3y139wP8w,Novum Bistro,50.0656712,19.9539826,"Lubicz 42, Kraków"
ChIJc0t1GwFbFkcRLCtlLKXRfCw,Knitted Coffee,50.0491113,19.9595573,"Przemysłowa 4, Kraków"
ChIJBVoRjhFbFkcR71B6vyQqGO0,Bull Pub Kraków,50.06171390000001,19.9406611,"Mikołajska 2, Kraków"
ChIJkzfDahJbFkcRegGjVHI-gYY,Cybermachina Game Pub - Kraków,50.0598726,19.9386894,"Stolarska 13, Kraków"
ChIJwXYtIxNbFkcRv84DMizzJeQ,Heritage & Hip Bar • Café,50.0521214,19.9408592,"Stradomska 25, Kraków"
ChIJU1HGgxFbFkcRWFWfVgmxpng,Wódka Café Bar,50.0612691,19.9417058,"Mikołajska 5, Kraków"
ChIJuUto3FhbFkcRjr3-fRdQdTg,B.O.H.O Coffee&Bar,50.0605336,19.9394853,"Stolarska 6, Kraków"
ChIJX3HWWqxbFkcRYWeC8Pms4TY,CiutCiut Wine Bar i Sklep z Winem,50.051173,19.9423779,"Krakowska 6, Kraków"
ChIJh5JkLANbFkcRWrLcbngjSCA,Ge’ez Ethiopian Restaurant,50.046838,19.955576,"Na Zjeździe 11, Kraków"
ChIJG7aJxw9bFkcRokn3BKFAttQ,Lindo Bar,50.06489690000001,19.9385449,"Sławkowska 23, Kraków"
ChIJgYGoBQhbFkcR69vk-MU5oM0,Tyskie Pub,50.06829159999999,19.9276302,"Karmelicka 51, Kraków"
ChIJm8py1mxbFkcRG5vyyb45KXA,Fiorentina,50.0559465,19.9381659,"Grodzka 63, Kraków"
ChIJTw9pg1VbFkcRdmU1wmh4t9s,"103,8 FM",50.0516,19.9431749,"Bożego Ciała 7, Kraków"
ChIJyYpFIytbFkcRg-oASo3Cab0,bar .punkt,50.0449963,19.9479862,"Staromostowa 1, Kraków"
ChIJ5TDr1blbFkcRfNEKtBbdO7Y,442 Sport Pub,50.06273439999999,19.9404896,"Świętego Tomasza 20, Kraków"
ChIJ6TAc70FbFkcRJT7xBU4VhZo,Stara Zajezdnia Kraków by DeSilva,50.0501198,19.9471163,"Św. Wawrzyńca 12, Kraków"
ChIJr8TDptBbFkcRfr9LAoJbLdE,Urban Food,50.04657379999999,19.9668645,"Jana Dekerta 21, Kraków"
ChIJYXsg0thbFkcReLxBZrIJvCU,Bacchus Grill,50.04541200000001,19.95626900000001,"Lwowska 15, Kraków"
ChIJsSVGRmpbFkcRtRNqge0AmqM,Mleczarnia,50.0513662,19.9438716,"Rabina, Beera Meiselsa 20, Kraków"
ChIJAUWJ0BFbFkcRmlZhIqkv74s,Pauza,50.0604618,19.9389495,"Stolarska 5, Kraków"
ChIJF4xFM3NbFkcR6-EQrXetDJw,Cafe Szafe,50.0576683,19.9297733,"Felicjanek 10, Kraków"
ChIJ98W9w4xcFkcRxQoYDqhnHaM,Winiarnia,50.0207938,19.9026829,"Raciborska 17, Kraków"
ChIJk_v9kqpbFkcRtYhEL4A_5o8,Flow Bar Kazimierz,50.053261,19.9472579,"Miodowa 39/1, Kraków"
ChIJ75qXaQ5bFkcRYPHeN6P_RAM,Caffe Zaćmienie bar,50.06298739999999,19.9366684,"Szczepańska 3, Kraków"
ChIJtx92LUBbFkcRFEfNyoUQUxE,Ulica Krokodyli Pub & Cafe,50.051921,19.9480969,"Szeroka 30, Kraków"
ChIJtxJyPgBFFkcRSMEVvxCmx34,MC Donalda,50.0745575,20.016019,"Mieczysława Medweckiego 13, Kraków"
ChIJvzTS7A1bFkcR99QG4eY6hDM,Cafe Kratka,50.060567,19.936055,"Bracka 3/5, Kraków"
ChIJSW1PeBFbFkcRd5KSqsAnwfI,Movida | Cocktail Bar,50.0613645,19.9422244,"Mikołajska 9, Kraków"
ChIJvflvYeJdFkcRdaw1acXO95M,BATEA,50.02255309999999,19.9019812,"Przemiarki 23/A, Kraków"
ChIJX3AlA0pdFkcREKQK-eW-050,Fast Food Corner & Kebab,50.0166641,19.8860765,"Karola Bunscha 8/1, Kraków"
ChIJ0QqlFgxbFkcRYfBiHc7OW3Y,Mercy Brown Cocktails Jazz & Burlesque,50.0614917,19.9316639,"Floriana Straszewskiego 28, Kraków"
ChIJKyvYb-1bFkcREHScJhhYGkI,Kolba Resto-Bar | #1 Themed Bar,50.0611452,19.9346528,"Wiślna 5/3, Kraków"
ChIJZUnaBrZbFkcRvqtAxf5AYhk,Kroma Restauracja Śniadaniowa,50.05513639999999,19.9332754,"Powiśle 12, Kraków"
ChIJQ-oWeg5bFkcRotk5od_KJkU,Shakers club,50.0633501,19.9370957,"Sławkowska 6A, Kraków"
ChIJlw8d3A1bFkcRqJxp52Plnk4,Piwnica Pod Baranami,50.061521,19.9354229,"Pałac Pod Baranami, Rynek Główny 27, Kraków"
ChIJu6kq5tZbFkcRm64VtrIAzfA,Corn Dog Bar,50.0671761,19.9449793,"Pawia 18b, Kraków"
ChIJmcPoBXhbFkcRMHB70lgFKPU,Mleczarnia Ogródek (Mlekowóz),50.0512148,19.9440077,"Kazimierz, 30-001"
ChIJm1x9texbFkcRE31Hzdr8t4A,Ferment,50.0654729,19.9538903,"Lubicz 40, Kraków"
ChIJy4hbawtbFkcRBDy3zzxM4S8,Garage Pub,50.05975309999999,19.9262575,"Marszałka Józefa Piłsudskiego 27, Kraków"
ChIJuX82UwBbFkcRnmOc76HaLU8,Pizzatopia fast&social,50.0574756,19.9379548,"Grodzka 47, Kraków"
ChIJAzrlDwhbFkcR623JrI1LQIQ,Świat Piwa,50.0648487,19.9306882,"Rajska 6, Kraków"
ChIJe7DOqfhbFkcRz7iQLH5KQxs,Gadka Szmatka,50.0532473,19.9435082,"Józefa Dietla 57, Kraków"
ChIJh0_JSw5bFkcRnInundgScgg,Krakowskie Zakąski Drink Bar & Garden,50.0640826,19.9375907,"Sławkowska 16, Kraków"
ChIJI2Vthw5bFkcRbl0uSlFnj9I,PIEC Art whisky & cocktail bar,50.06254999999999,19.934724,"Szewska 12, Kraków"
ChIJNVhbIQ5bFkcR1eS8CeobANU,Dym Cafe Bar,50.063029,19.9388439,"Świętego Tomasza 13, Kraków"
ChIJVVVli2lbFkcRRtYSHvLu6BI,Gold Cocktail Bar,50.0496219,19.9432317,"Krakowska 28, Kraków"
ChIJgcJw3lZbFkcRG9URMQxO0-w,Mañana,50.06605829999999,19.9507742,"Kurkowa 1, Kraków"
ChIJL2RYI_RbFkcROiRa4s8o-Zk,Boardowa,50.0664768,19.9569479,"Topolowa 52, Kraków"
ChIJ_0ffQWpbFkcRtHw2iuCudmA,Bar pod Okrąglakiem,50.0517377,19.9451077,"plac Nowy 4B/1, Kraków"
ChIJESn4E6dbFkcRPCnOGi4_T_4,"WINE&more - Sklep z winami, Delikatnie włoskie, Degustacje Wina, Zestawy prezentowe",50.0786964,19.8783745,"Samuela Bogumiła Lindego 1f, Kraków"
ChIJmzoTiBFbFkcRjEcAv9631e8,Klub Alternatywy,50.0611383,19.9407503,"Mały Rynek 4, Kraków"
ChIJEx2GNAlbFkcRaj01hKr262Q,Trattoria Mamma Mia,50.06426940000001,19.9318306,"Karmelicka 14, Kraków"
ChIJqX-wtXhbFkcRIttl1p-Y5VE,Art Inn Space,50.05313659999999,19.9455218,"Miodowa 28, Kraków"
ChIJ744FJFtbFkcRsRzvEQp9Dno,Baqaro Rakowicka,50.0663649,19.9527583,"Rakowicka 11, Kraków"
ChIJ-2GSakJbFkcR_kuou9ckzlQ,Mostowa Sztuka Kawa,50.04797079999999,19.9461246,"Mostowa 8, Kraków"
ChIJCUuWlR5bFkcRBrFTmv4-4WI,Hala Lipowa - Street Food / Craft Beers / Cocktail Bar,50.0477909,19.9604569,"Lipowa 4D, Kraków"
ChIJ0dGrDkJdFkcRa_-VsX_klNs,Hindus Indian Food,50.010996,19.9326959,"Józefa Marcika 16, Kraków"
ChIJ55_IsRFbFkcRSrdDkF300Ew,Non Iron Pub,50.0630179,19.9421198,"Świętego Marka 27, Kraków"
ChIJ_STCf-5bFkcRXJ3463P-IP4,Runa Game Cafe & Pub,50.0540773,19.9444163,"Brzozowa 4, Kraków"
ChIJO6CNDWtbFkcRC5rEWwVvD6I,Schizofrenia Café,50.0665717,19.955696,"Topolowa 42, Kraków"
ChIJlcC1OSFbFkcRb0fFHuEIZD4,Banda Burger's LOKAL27,50.0504651,19.9503161,"Św. Wawrzyńca 27, Kraków"
ChIJSWtbXWpbFkcRQ6nYgLX7RSc,Meat & Go,50.0493266,19.9419349,"Skałeczna 7, Kraków"
ChIJl0LmX2pbFkcRlrMsxlUyQTM,Entropia,50.05211659999999,19.9452445,"Warszauera 1, Kraków"
ChIJa8HLhRdbFkcR_OZtqMX_8mg,SLAY SPACE LGBTQIA+ RESTAURANT AND CLUB,50.0470956,19.9477065,"Bulwar Kurlandzki vis-a-vis, Różowa barka, Podgórska 16, Kraków"
ChIJ2fuPZDJbFkcR_Va7TpVKoDo,SUPER BOWL-miski w Krakowie,50.0503255,19.9479444,"Św. Wawrzyńca 16, Kraków"
ChIJOY4JmmtbFkcRqaktBmCmEdg,Pizza Loft,50.052245,19.940666,"Stradomska 23, Kraków"
ChIJkcCIy21DFkcReql1sKIBb8k,Szybka Buła,50.0143483,19.9947516,"Wielicka, Kraków"
ChIJU8ToFwtbFkcRRTfyS5mPlGY,OLD FASHIONED Cafe & Bar,50.0505538,19.9435088,"Józefa 8, Kraków"
ChIJSa5_XmJFFkcRxtKeAx_mzQI,Prima wyroby domowe,50.083256,20.031973,"Bieńczycki Plac Targowy 16, Kraków"
ChIJ9RIWoJ1bFkcR-kSvrG1p9H8,Zielono Mi,50.05266289999999,19.9132979,"Królowej Jadwigi 4, Kraków"
ChIJPW7ro0FbFkcRgP1EF-oE_DA,Craftownia,50.0504609,19.94937479999999,"Św. Wawrzyńca 22, Kraków"
ChIJ6_e-iBRbFkcRiIxzqdSrl94,Shine Club Kraków,50.0576373,19.9443784,"Starowiślna 16, Kraków"
ChIJXU1-4hFbFkcRcSY_jBMfbg8,Virtuoso,50.0624018,19.9385228,"Rynek Główny 44, Kraków"
ChIJl1yI7mpbFkcRQN67IvZRx-U,Absynt Cafe & Bar,50.05311690000001,19.9455244,"Miodowa 28, Kraków"
ChIJEbQmNe1bFkcR6E0tXz_URX4,ULTRA PPP,50.0396543,19.9787164,"Gromadzka 46/A, Kraków"
ChIJsbTx7PldFkcRuOCIazXFvto,Drink Bar,50.02725539999999,19.9217245,"Wacława Lipińskiego 20A, Kraków"
ChIJew_WW-FbFkcRLMxT7BBeCmg,Nalej Se,50.0528918,19.9546821,"Podgórska 34, Kraków"
ChIJOWlvPbZdFkcR_AExd2bZ4eQ,Alpen Grill,50.0239077,19.9102416,"Zachodnia 1a, Kraków"
ChIJ49hPUhNbFkcRENP3hKJAVk0,Radocha,50.05584189999999,19.9411435,"Świętego Sebastiana 6, Kraków"
ChIJ34Z4JhVbFkcRXhQyianeSfE,Galeria Pod Palmą,50.0554597,19.9461304,"Starowiślna 35, Kraków"
ChIJ8dz8AQBbFkcRKDlQxR_xpHo,Pistacchio Ola Crumble Cookies,50.0507196,19.9493506,"Dajwór 23, Kraków"
ChIJdZ3Y9A5bFkcRZFZeW3Uape4,"Scandale Royal Restaurant, Wine & Bar",50.06339890000001,19.9352656,"plac Szczepański 2, Kraków"
ChIJFclRb6RbFkcREZzANLHNRBM,Wine Garage Józefitów restaurant & wine bar,50.0710333,19.9241194,"Józefitów 8, Kraków"
ChIJHUfVNQpbFkcR07uZynx5ff4,BAR WY,50.0472472,19.9521971,"Nadwiślańska 11, Kraków"
ChIJ02DRScRbFkcRMrsFFqAsO3Q,OLD FASHIONED Cafe & Bar 2.0,50.0642329,19.9377189,"Sławkowska 20, Kraków"
ChIJ3YthUFdbFkcR1Y7q-xoTa6Y,Kawiarnia Fornir,50.0671841,19.9385511,"Długa 12, Kraków"
ChIJM1byhw5bFkcRCGzSuc0ycSU,BaniaLuka,50.0626976,19.9348479,"Szewska 13, Kraków"
ChIJ84QJh2pbFkcRlED0TiJ6ZFM,THE DOG Food Truck Izaaka,50.05161539999999,19.9472461,"Ciemna, Izaaka 4, Kraków"
ChIJpXNtPg1bFkcR770s5OVqBuY,"Radisson Blu Hotel, Krakow",50.0582994,19.9331447,"Floriana Straszewskiego 17, Kraków"
ChIJV237I0BbFkcRDCRZ-3AmCjE,Spa sp.j. Pub Lounge Club Fshut,50.0532072,19.9473565,"Szeroka 10, Kraków"
ChIJd-3-Ks9bFkcReZBQrWWPLCk,Bonbon Boutique,50.0468308,19.9508223,"Nadwiślańska 11, Kraków"
ChIJVVWRzQZbFkcRso9mEDO6Sb0,Długa 80,50.0725115,19.9351581,"Długa 80, Kraków"
ChIJ_-pbWABbFkcR4Czz8-0LJqo,Pub Smil'y,50.09512489999999,19.9994168,"Osiedle Złotego Wieku 79, Kraków"
ChIJleT0EqJbFkcRBr6j0CVrd3c,"BAR ""Vanessa""",50.0938214,19.9279917,"Henryka Pachońskiego 8A, Kraków"
ChIJqc-FmGpbFkcR9ZL6ktaxZxA,Once Upon A Time | Chajim Kohan,50.0531685,19.94734009999999,"Szeroka 1, Kraków"
ChIJjWHdwmdbFkcR5Ib3lIYDXQw,KIEŁBABA - Grillowane kiełbaski z Liszek i słynne zapieksy ze Skawiny,50.0783415,19.8874643,Kraków
ChIJ7_9XZsBbFkcR9lddVvrse54,Tociekawa Specialty Coffee,50.0700257,19.9373066,"Długa 37, Kraków"
ChIJmTTasIdbFkcRiB2rR4f_FAU,GulGul,50.06126020000001,19.9426045,"Mikołajska 13/1.1, Kraków"
ChIJoUI27HJbFkcR4xCPtEXiQJk,SomePlace Else Sports Bar,50.0556146,19.931324,"Powiśle 7, Kraków"
ChIJx3B9JhJbFkcR2ugY6BA4ZzE,Bierhalle KRAKÓW,50.0608398,19.9403803,"Mały Rynek 7, Kraków"
ChIJmbRkUgBFFkcR0JO4ALByExI,Hiszpańska kuchenka,50.087587,20.0211724,"osiedle Kazimierzowskie 30, Kraków"
ChIJgfN8Y2lbFkcR-MgZ1ScRd_g,Teatr Barakah,50.05011100000001,19.9403323,"Paulińska 28, Kraków"
ChIJcxWyqYdbFkcRknd2oavPaAI,The Moon Lounge Bar & Shisha Kraków,50.054997,19.948214,"Berka Joselewicza 21B, Kraków"
ChIJr4s_phNbFkcRqP36JWGthnQ,Klimaty Południa - Restauracja i Winiarnia,50.0585153,19.9410683,"Świętej Gertrudy 5, Kraków"
ChIJIZQCYjRbFkcR-K9qeQgsyDM,Pełnia Social Club,50.05099929999999,19.9498437,"Dajwór 16, Kraków"
ChIJ_clw_S1bFkcRvZO23RnVX4w,Baron,50.0490004,19.9596359,"Przemysłowa 4, Kraków"
ChIJi-HBItVbFkcR2cJIMj1caSA,SMASH TIME Burger,50.05161209999999,19.94725979999999,"Ciemna 4, Kraków"
ChIJS3xBlrpbFkcRXAG7Zw0Tpfg,POTĘGA RYBAKA TSW,50.0709214,19.9103819,"Stanisława Skarbińskiego 2, Kraków"
ChIJ18eIqThbFkcRt1hVx3GfGoM,JEFF'S GALERIA KAZIMIERZ,50.0539914,19.9547365,"Podgórska 34, Kraków"
ChIJP_qs1BNbFkcRdGc3Jvxcgl4,Klub Re,50.06104389999999,19.9412309,"Świętego Krzyża 4, Kraków"
ChIJTTqaT15bFkcRrUED3S3UH-0,BAR PO SCHODKACH,50.03787319999999,19.93934149999999,"Marii Konopnickiej 92b, Kraków"
ChIJLTYM9Q1bFkcRDDFRQy8Fsgw,Szara Gęś w Kuchni Restaurant,50.060491,19.937158,"Rynek Główny 17, Kraków"
ChIJeUUM1Q1bFkcR5vJHazw_jlI,The Little Havana Party Hostel,50.06201429999999,19.93462,"Jagiellońska 10, Kraków"
ChIJ4V3oEkJbFkcRa08m4m6CtrY,Hospůdka u Nás,50.04827219999999,19.9456389,"Mostowa 4, Kraków"
ChIJGwLyqt9bFkcR08ryDrlDBZY,Bar Gwar,50.0480326,19.9460358,"Mostowa 8, Kraków"
ChIJn-9euK5bFkcR716ULXktzjw,Paragraf 22,50.0813469,19.8816752,"Balicka 18c, Kraków"
ChIJjz3ePQBbFkcRF_rgGgnnLmU,iOVE Cocktail I Coffee I Music I Fashion I Breakfast,50.0495125,19.9594337,"Zabłocie 19A/186, Kraków"
ChIJCy87JGtbFkcRzPi_aOTUs9o,ByClouds Lounge Bar,50.0541794,19.9440922,"Józefa Dietla 69, Kraków"
ChIJ5Sup0BFbFkcRn_sq5OnXpt8,N'JOY & Bilard,50.06041369999999,19.9363711,"Bracka 4, Kraków"
ChIJfZhKRQ5bFkcRxSxJ6PBlS40,Coyote Bar,50.0638084,19.9364948,"Świętego Tomasza 1, Kraków"
ChIJW73jwBJbFkcRsnft_BjTkzs,Library/cafe,50.05752469999999,19.9373289,"Kanonicza 1, Kraków"
ChIJn1mikphbFkcRJQ2RVjCZMb8,Hop'n Monkey,50.05033849999999,19.9494641,"Św. Wawrzyńca, Kraków"
ChIJB5NkcGpbFkcRryd2PmsRZMs,Bar,50.05132510000001,19.9459761,"Izaaka 2, Kraków"
ChIJg4OYcWpbFkcRyrXiGPsIFrM,Singer,50.051255,19.94575,"Estery 20, Kraków"
ChIJMYp9eEhDFkcRmDQrsOq02R4,Oberża Sąsiadów,50.01078500000001,19.9650908,"Kordiana 19, Kraków"
ChIJqexg-xRbFkcR4OlSvuSfR-Q,Poli Craft Beers & Cocktails Bar,50.0568478,19.9463696,"Józefa Dietla 97, Kraków"
ChIJ4_bZGKlbFkcRFoWjcGDzoqA,Pub Grot 'n' Roll,50.0629974,19.9342007,"Szewska 23, Kraków"
ChIJiwCRHQZbFkcRVsQak2vcDog,Zaginiony Świat,50.067616,19.933363,"Stefana Batorego 1, Kraków"
ChIJEVMWSWpbFkcRQsdCsmU-ZpY,"Dobra Spółka s.c. Prus M., Żarczyńska M.",50.0514529,19.943253,"Bożego Ciała 9, Kraków"
ChIJhdZp6wlbFkcRr-oNiUXnUI4,Weźże Krafta,50.0510119,19.9498592,"Dajwór 16, Kraków"
ChIJz0lX2aFbFkcR460uhmrKIzs,Barrel 37 (Opening Soon),50.0511335,19.9414447,"Józefa Dietla 37, Kraków"
ChIJGSmC4k5bFkcREPRUK0mL_wU,The Landmark Supper Club,50.05366309999999,19.9461474,"Brzozowa 18, Kraków"
ChIJNeIDPhJbFkcRZ5OZSMb4dLA,"Pierwszy Lokal na Stolarskiej po lewej stronie, idąc od Małego Rynku",50.06071619999999,19.9396528,"Stolarska 6, Kraków"
ChIJqTn8quFbFkcRSc0bXGrpGrY,Chałka Resto Bar,50.05064789999999,19.94181279999999,"Beera Meiselsa 8, Kraków"
ChIJhb8zSQ9bFkcRAMXilk-hkz4,The Stage | Music - Billiard - Food,50.0663899,19.9344411,"Łobzowska 3, Kraków"
ChIJZ3mThQ5bFkcRqpwBGoRWYwk,LostBar,50.0627129,19.9342009,"Szewska 20, Kraków"
ChIJ0WYiv4dbFkcRUTvczezKWCY,Liberty Kraków Bistro Cafe & Bar,50.056932,19.9296702,"Zwierzyniecka 27, Kraków"
ChIJpwxKZwBbFkcRs2-2qXWN1qA,Pub Stary Pies,50.0694955,19.9382225,"Pędzichów 3, Kraków"
ChIJU1xsaQBbFkcRUuEu-1djlyw,Bar Eau de Vie,50.06500399999999,19.9392304,"Pijarska 12, Kraków"
ChIJ4zEcGiRbFkcR3PjalTz-wfQ,Bar LAM HONG,50.0663325,19.9673359,"Mogilska 43B, Kraków"
ChIJtVRuDwBbFkcRgn43c2nHdwI,Souvenir liquor store,50.06012169999999,19.9360864,"Bracka 9, Kraków"
ChIJ1XFKYvRbFkcRkDM2kFwQqRQ,Beestro w Arcade Bee – Food & Games,50.0676986,19.95822859999999,"Unity Centre, Aleksandra Lubomirskiego 24, Kraków"
ChIJl-EHIYlbFkcRc2NQw5v-BJM,Biblioteka Resto Bar,50.04631,19.9495736,"Nadwiślańska 3, Kraków"
ChIJXfbgFgBbFkcRjcGYtsDdKjc,Parking przy rynku,50.06747619999999,19.9371288,"Skwer Wolnej Ukrainy, Kraków"
ChIJyfMHGPNaFkcRAbPE8p4p9ao,Sekret Smaku,50.09422689999999,19.9574332,"Bociana 8, Kraków"
ChIJJynjsgZbFkcR7seC39HjNjE,Art Kitchen Resto Bar Krakow,50.0615818,19.9425578,"Mikołajska 26, Kraków"
ChIJExacRA1FFkcRhd1iU16e0hk,Klub Kombinator,50.07831520000001,20.0479961,"Osiedle Szkolne 25, Kraków"
ChIJGRl_ahNbFkcR2ypaU31LB7M,Amsel Breakfast Cafe Concept,50.064259,19.9294687,"Rajska 12, Kraków"
ChIJa3P7cj1bFkcRoKKpDQpRyp0,Mamatutaj,50.054017,19.963005,"Marka Stachowskiego 4, Kraków"
ChIJdZ6mhQ5bFkcRUUGFNgZdKKA,Boscaiola Restaurant,50.06249589999999,19.9347704,"Szewska 10, Kraków"
ChIJX3tXuA9bFkcR8P_E-ORn-Uk,La Casa del Habano Krakow,50.065,19.9383333,"Sławkowska 26, Kraków"
ChIJy_Vh_LNbFkcRZc0gqWH4Mus,The Locals Kazimierz,50.0503255,19.9479444,"Św. Wawrzyńca 16, Kraków"
ChIJG4tNMgBFFkcR4EWC_d40mAY,Weźże Kebsa,50.0802621,20.02960599999999,"Kocmyrzowska 4, Kraków"
ChIJwy311AFbFkcRsP0eMAv4jyQ,Gavi Restaurant & Wine,50.0567763,19.928376,"plac Kossaka 6, Kraków"
ChIJmwyTJIBbFkcR7tdvrYPAimw,Los Gorditos,50.048815,19.942162,"Augustiańska 24/LU2, Kraków"
ChIJbduRQfBbFkcRK-xpBQwnfQQ,Mojitos Social Nights,50.06139899999999,19.942522,"Mikołajska 13, Kraków"
ChIJ263I1YlbFkcRlRG1HzHsKMg,McQueen-Dog,50.02393189999999,19.9102461,"Zachodnia 1a, Kraków"
ChIJLXCUx0hbFkcRZQtK-OGmfXU,Krakó Slow Wines,50.04746160000001,19.9629766,"Lipowa 6F, Kraków"
ChIJN9efIMpbFkcRPgxWRLJ8Kl0,"Wine, Ham&Cheese EXPERIENCE Sklep z winem / Tapas bar",50.0676768,19.9411021,"Rynek Kleparski 20/16, Kraków"
ChIJmSo57R1bFkcRe1WmwCrCJkM,Restauracja A'Bracciate Pasta & Wine,50.0463746,19.9269482,"Mieszczańska 10, Władysława Mitkowskiego 6, Kraków"
ChIJ1_VaOzFbFkcRE0ClXR59q-g,Bar Nowy Kleparz,50.07251749999999,19.9351874,"Długa 80, Kraków"
ChIJvw-4TQRFFkcRyfhp9xZ7osU,Stołówka przy SP 89,50.09999130000001,20.0186538,"34a, Kraków"
ChIJrSH_uA9bFkcRa1QoV9f9lHk,Cyrano wine bar,50.065,19.9383333,"Sławkowska 26, Kraków"
ChIJn7dFeW5bFkcRph9XAXaimQs,Barka Arkadia,50.05126629999999,19.9341207,"bulwar Czerwieński 172, Kraków"
ChIJyyQzLhBbFkcRT1JpiIgtwDY,Dobry Kumpel,50.064182,19.94107199999999,"Floriańska 47, Kraków"
ChIJa0L6N4JbFkcRUOqyaFdhOFw,Sangam India,50.0641359,19.932999,"Sangam India, Karmelicka 7, Kraków"
ChIJDT__6N5bFkcRREqhqi30nxM,Shot Bar BANG BANG,50.0529966,19.9461687,"Miodowa 31, Kraków"
ChIJiaJHWTpbFkcRvfyXqy2RM10,Miriam U.K.M.,50.0446411,19.9700985,"Powstańców Wielkopolskich 23, Kraków"
ChIJqdmGGABbFkcRBNb2MYHk_vE,Cerveza,50.0665947,19.9763447,"Kosynierów 5, Kraków"
ChIJdzuJZ7JbFkcRC2avTirAvK4,Skwer Bar,50.0525186,19.944706,"Estery 1, Kraków"
ChIJeX8hzMZcFkcR-W_4Y5yPx9E,Piwiarnia,50.0119889,19.9262803,"Orzechowa 3, Kraków"
ChIJiaD7fwBdFkcRS0WOYib7tDw,Łysols,50.0095458,19.9476338,"Franciszka Bujaka 12A, Kraków"
ChIJ72qMLhBbFkcRqkjUYJ_1j0M,Staropolskie Trunki,50.06336289999999,19.9398344,"Floriańska 20, Kraków"
ChIJAe_zQVVbFkcRDxVhpPZ4h9I,GALAXY HOOKAH KRAKÓW,50.046423,19.9556353,"Lwowska 2, Kraków"
ChIJ-Wyb8I1bFkcRU6jSzGKi58w,Flomaro – Sery Premium i Delikatesy (Kraków),50.0633841,19.9300872,"Flomaro Deli & Wine, Krupnicza 14, Kraków"
ChIJDbfSdTBFFkcRsdtBtkV17aA,Avionetka Garden,50.0756763,20.01072779999999,"Osiedle 2 Pułku Lotniczego 51, Kraków"
ChIJB1bnIA5bFkcRpZQH81QYa4U,Boccanera | Ristorante Pizzeria,50.0630039,19.9389621,"Świętego Tomasza 15, Kraków"
ChIJm3vv9ABbFkcRpe-_IpTolLc,Platformer,50.0495475,19.9593737,"Zabłocie 19A/LU4, Kraków"
ChIJoe68lQ1bFkcR3SBmlDEUcvY,Apartamenty Gołębia 3,50.0604502,19.9354077,"Gołębia 3, Kraków"
ChIJMwmwBgBbFkcRAVHU63LGTww,Dancing bar Kaprys',50.0641486,19.9405772,"Floriańska 32, Kraków"
ChIJC9-qc25bFkcRuvGBYjGhAms,Anna KOROLKO,50.0543574,19.9247099,"Tadeusza Kościuszki 19, Kraków"
ChIJ31Ou4K1bFkcRWUSpvEqdJUg,GMT - Georgian Wine&Art Gallery I 18+,50.07602800000001,19.918433,"Bytomska 23, Kraków"
ChIJqSsPv4pFFkcRoNfoHhyXu7I,Bistro Przystań,50.0928613,20.0202334,"Szpital, Rydygiera, Kraków"
ChIJyyQzLhBbFkcRPKHUoN5cUww,Stodoła,50.06407919999999,19.9413146,"Floriańska 47, Kraków"
ChIJk04MWBJbFkcRQeD9fIXQoSs,Empire Of Cocktails,50.051775,19.943121,"Bożego Ciała 5, Kraków"
ChIJSSXvDN1bFkcREHQXwdbUIxI,Pijana Wisnia,50.0597436,19.9378455,"Grodzka 10, Kraków"
ChIJHe80CwBbFkcRUkGYQqJkEFg,TRIBE TABLE,50.06638199999999,19.9442169,"Stanisława Worcella 8, Kraków"
ChIJncssflFaFkcR6Q3Du-hGhi4,FHU PROMIL Dzień A.,50.0849392,19.9272529,"Rusznikarska 4A, Kraków"
ChIJYaYEdxFbFkcRUTjr__NcsUg,Black Gallery Pub,50.0615746,19.9424474,"Mikołajska 24, Kraków"
ChIJfXfzxDdbFkcRceBBbVKB1M8,Gate of India,50.05333460000001,19.9398164,"Stradomska 11, Kraków"
ChIJZYL7_AZbFkcRbvSaD64wXXw,Filini Restaurant & Bar,50.06739229999999,19.9575523,"Aleksandra Lubomirskiego 16, Kraków"
ChIJSzYyGvhbFkcRmckrM_x2g1s,MiMi Food & Bar,50.04915500000001,19.943303,"Krakowska 36, Kraków"
ChIJVRXd3g1bFkcR3YhJENxffY8,Harris Piano Jazz Bar,50.061725,19.935568,"Rynek Główny 28, Kraków"
ChIJy5YtdGpbFkcRj_mYfiaWIpI,Moment Resto Bar,50.0510069,19.9459008,"Estery 22, Kraków"
ChIJkxB8tw9bFkcRCucVEcC7wsc,Domowe Przysmaki,50.06470909999999,19.9381645,"Sławkowska 24A, Kraków"
ChIJbSDKDBBFFkcRHCEyKBIdCqE,Hotel Centrum,50.07048260000001,20.0396722,"os.Centrum E12, Osiedle Centrum E 12, Kraków"
ChIJtdy-hOZbFkcRjUrk9zYJFxE,Vouge Bar,50.0604503,19.9390808,"pasaż Bielaka 31/043, Kraków"
ChIJZ7rVnpdbFkcRZ9rBtZaB-IA,Shadow Resto & Bar | Kazimierz |,50.0551055,19.946549,"Starowiślna 41, Kraków"
ChIJ9-baNwBbFkcRWFh83XtlSHI,Pierogi to tu,50.0555024,19.938431,"Grodzka, Kraków"
ChIJrfJuQpxbFkcRRhTGMr-vWos,Creative Gastronomy,50.0497183,19.9635934,"Zabłocie 35/1, Kraków"
ChIJ613uwp9bFkcRe7STFRj_ks4,Premium Kebab,50.072669,19.9361149,"Długa 69, Kraków"
ChIJ0bFZ3ktFFkcROAhfyIAKOEI,Bar na Rogu,50.08909569999999,20.014702,"Osiedle Kalinowe 4, Kraków"
ChIJU46euA9bFkcR56sqRhyimnc,Bar Akropol,50.0650069,19.938599,"#15-07 The Metropolis Tower 2, wikipedia"
ChIJn1gLlAdbFkcRgZHD3kc1qO4,Restauracja Po Krakosku,50.0484066,19.9446114,"plac Wolnica 12, Kraków"
ChIJdwdtixpbFkcRF0zInHIm8Z8,WINA.PL & more ... (shop and winebar),50.0667542,19.9455671,"Pawia 5, Kraków"
ChIJR2N-uvtbFkcRJtmUfu_mkR0,SZUM wine bar cafe,50.0584692,19.9231271,"Aleja Marszałka Ferdynanda Focha 1, Kraków"
ChIJgw7yfwBbFkcR4vfQk7EH4k0,Gallery Bar,50.0506236,19.9451049,"Józefa 11, Kraków"
ChIJa4ysC0JbFkcRpy502l_XiVE,BaraWino,50.0483,19.9449917,"Mostowa 1, Kraków"
ChIJ6XvwD3dbFkcRF1sIl57YFCg,Woosabi Kraków,50.05007469999999,19.9482037,"Św. Wawrzyńca 19, Kraków"
ChIJTSWgHA5FFkcR8ZG8hsgdHbQ,Hubertus Pub,50.073789,20.044596,"Osiedle Hutnicze 2, Kraków"
ChIJvSyn8klbFkcRfB_DVMna3ao,Yoru | Cocktail Bar,50.0533551,19.9467518,"Miodowa 32/2, Kraków"
ChIJn6OS8DhbFkcRlEMAnNcHAvk,Crazy Pig Kraków,50.0513095,19.9465249,"Kupa 24/2, Kraków"
ChIJj2ndZZpbFkcRvOQR6bv5G6A,Opus Lounge Bar,50.0567763,19.928376,"plac Kossaka 6, Kraków"
ChIJmQgaY2pbFkcRBuM5IisgNv0,Omerta,50.0521894,19.94570019999999,"Kupa 3, Kraków"
ChIJ7b4ZlhBbFkcRwPYvfxBWemw,BARMANI SP. Z O.O.,50.06447900000001,19.9462482,"Lubicz 5, Kraków"
ChIJa-rFJfNbFkcRkPBST6Qq1yY,GINA Social Club,50.06041369999999,19.9363711,"Bracka 4, Kraków"
ChIJ3YerAB9DFkcRGFm9e5nmY_o,Kebab Szama,50.015936,20.0244239,"Barbary 3, Kraków"
ChIJU1HGgxFbFkcRMKDqHC-JE8c,English Football Club,50.061267,19.9414235,"Mikołajska 5, Kraków"
ChIJj_ejLABbFkcRSKNZqGnpihs,barbara la gnucca,50.06465009999999,19.9449799,Kraków
ChIJLz9MRlJbFkcRaMvKYMQJNCc,William Rabbit & Co - speakeasy bar,50.0515686,19.9435806,"Bożego Ciała 12 ½, Kraków"
ChIJfd_9CwBFFkcRrod4iOCm_nU,Dworcowapub,50.03370539999999,19.972879,"Dworcowa, Kraków"
ChIJdaiq-g3fD0MRtruX20mlADE,Nasza Rzeka RestoBar & Events,50.05471259999999,19.9318036,"bulwar Czerwieński, Kraków"
ChIJhSZn2q9bFkcR8rgRqliF_1E,Królewski Bar,50.0729289,19.9147809,"Królewska 88, Kraków"
ChIJh-jSjtZbFkcRM-vvXJcp52Y,Dzikie Wino Na Kleparzu,50.0678157,19.9416232,"Rynek Kleparski 20, Kraków"
ChIJeZWwHK5bFkcRaJg4CsI2YQo,Plac Nowy 1 Terrace,50.0509157,19.9454574,"Józefa 24, Kraków"
ChIJDbtC2RRbFkcRGnGXkeI8xy8,Blue XL,50.0557756,19.9455035,"Józefa Dietla 85, Kraków"
ChIJeUUM1Q1bFkcRDYfvW2r-0Dc,Teatro Cubano,50.0620795,19.9346943,"Jagiellońska 10, Kraków"
ChIJO4VxpxFbFkcR-t37mOwRT-k,Moo Moo Steak & Burger Club,50.0622049,19.9426018,"Świętego Krzyża 15, Kraków"
ChIJFctE3xFbFkcR681ABM8ayCQ,Camelot Cafe,50.0630347,19.9390993,"Świętego Tomasza 17, Kraków"
ChIJI3qBRNFbFkcR5F1u7J11y9Q,Zapiekanki Zawstydzają Obwarzanka,50.0815943,19.8819126,"Balicka 18, Kraków"
ChIJq-LA3QZbFkcRkCHvmcut2gA,RUMOUR Cocktail Bar,50.0651536,19.9390299,"Pijarska 9, Kraków"
ChIJFRXc2A1bFkcRRRsCXLrOmTA,Krawat,50.0618696,19.9357173,"Rynek Główny 29, Kraków"
ChIJZVs7EQBbFkcRPXUVxkB9hLc,ShotBar Kajtek,50.0630518,19.9333916,"Szewska 26, Kraków-Śródmieście"
ChIJbZnXdy5bFkcRnSBsuQTy-84,Molam Thai,50.06487309999999,19.9276611,"Rajska 3/4, Kraków"
ChIJA0yPqThbFkcR9qhyHbSNKbU,Feel The Chill,50.0539127,19.9551893,"Podgórska 34, Kraków"
ChIJz6KRkUZFFkcROeXNyoB_LDM,Restauracja Grenier,50.03957459999999,19.985115,"Seweryna Goszczyńskiego 3, Kraków"
ChIJ6Wknww1bFkcRDdCWbQlmF6g,Sphinx restauracja Rynek Główny,50.0611629,19.9358101,"Rynek Główny 25, Kraków"
ChIJ-9nH90VFFkcRjEFSPBFHe5o,Lam Hong Kuchnia Wietnamska Restauracja Wietnamska,50.08953450000001,20.023451,"Osiedle Jagiellońskie 7A, Kraków"
ChIJT5PiuCdbFkcR29E4iTQgQfo,Vpub,50.0579103,19.9440374,"Starowiślna 12, Kraków"
ChIJZTJEzXZbFkcRgowSNpC1-H8,Cosmic Games Pub,50.0662167,19.9300595,"Karmelicka 27, Kraków"
ChIJmeuhGZlbFkcRP9g38SRT4vs,Bar Smok Kraków,50.0654263,19.9453635,"Pawia 3, Kraków"
ChIJa40KDahbFkcRwUT_HGWxeSY,Bococa Bistro,50.0697444,19.9260306,"Bococa Bistro, plac Inwalidów 7, Kraków"
ChIJAefE3zpbFkcROu9rfU03rz8,Pub nalefka [na'lɛfka],50.06491219999999,19.9386428,"Sławkowska 23, Kraków"
ChIJw1ZHFQxbFkcR5cYS3ZCGDJE,Stary Port Bar,50.0612305,19.931776,"Straszewskiego 27, Wejście od Jabłonowskich, Kraków"
ChIJ7S8a9INbFkcREycjCOIt9Dc,Bom Dia Fábrica de pastéis de nata,50.0648462,19.938479,"Sławkowska 21, Kraków"
ChIJ5WBqYN9bFkcRF163wcpCGeg,DutchPoint Kraków,50.0637822,19.9328255,"Karmelicka 3, Kraków"
ChIJl_Nvy8BbFkcROArmqJKmkFc,NOTO wine bar | Kraków Kazimierz,50.05119269999999,19.9429709,"Beera Meiselsa 14, Kraków"
ChIJ5aF-XgBbFkcRn_ib2scOzKc,Zapiekanka tradycyjna z pieca,50.0685688,19.949517,"Bosacka, Kraków"
ChIJR4KVBjtbFkcRVgktaP4sp8s,Tawerna La Capitana,50.067133,19.9500491,"Topolowa 3, Kraków"
ChIJm19_MhJbFkcR6xqSZRnfc78,Katanè,50.06034289999999,19.9409579,"Sienna 17, Kraków"
ChIJ9_PqqmtbFkcRKgP894Ch5J0,Oliwa Pub,50.05248580000001,19.9435117,"Miodowa 14, Kraków"
ChIJfQo_Lb5bFkcRaQkLeeIqSOM,The Trust,50.0487989,19.9423289,"Węgłowa 3, Kraków"
ChIJP9T7E0NbFkcRd2UKLtZgEXk,Monkey Business,50.0452299,19.9478974,"Kazimierza Brodzińskiego 3, Kraków"
ChIJR4mO97pbFkcR8FAaHdF9Ios,Nat Bistro,50.04930170000001,19.9432407,"Krakowska 34, Kraków"
ChIJ_9tOiWhFFkcRd3pc4Iuh8Kg,Kuchenka,50.08968609999999,20.0441698,"Kornela Makuszyńskiego 22, Kraków"
ChIJKTU6u69bFkcRlajlD0POhPs,Lunch Bar i Pizzeria Wolański,50.0724212,19.9167244,"Królewska 84, Kraków"
ChIJG4OGkqtbFkcRzbXj6GIuUsQ,Kawiarnia Święty Spokój,50.0387041,19.9638297,"Ludowa 6, Kraków"
ChIJdU1xM0hDFkcRAbBCUuHu_PQ,Kawiarnia Ewa,50.0102124,19.9615815,"Turniejowa 65, Kraków"
ChIJeXaH8XBbFkcRGzBD2ivHwW4,DymNo,50.0543574,19.9247099,"Tadeusza Kościuszki 19, Kraków"
ChIJg06CyyJbFkcRiMHuplKJPqo,U Edka - Zapiekanki w stylu PRL,50.0481711,19.9457747,"Mostowa 4, Kraków"
ChIJ6X_5BIdbFkcRD1bHuR4rK2k,Moti Wine Bar & Shop,50.06786510000001,19.9408192,"Rynek Kleparski 14, Kraków"
ChIJ71J9JdNbFkcRGpWgUEiEtPY,Momento Pizzeria,50.0471857,19.96278,"Lipowa 7, Kraków"
ChIJbyj3Yu5bFkcRJBD0in7XlAQ,Churchill's Lounge Bar,50.049485,19.9426971,"Skałeczna 1, Kraków"
ChIJM0mJW31bFkcR5qV206XM8v8,Eszeweria,50.0505691,19.9445711,"Józefa 9, Kraków"
ChIJszZHDnBDFkcRxfOMtBPmDBg,"Kawiarnia i Bistro ""Za Witrażem""",50.01255889999999,20.000072,"Wielicka 265, Kraków"
ChIJjeYFMhBbFkcRR3Fk0rlMcnQ,Greg & Tom Beer House Hostel,50.0639739,19.940887,"Floriańska 43, Kraków"
ChIJxS_GnxlbFkcRE-NTI6zGAiY,Lunch Bar TU,50.0669638,19.9518645,"Rakowicka 10, Kraków"
ChIJ2WupAMlbFkcR1DxISln808c,Ribs House / Dom Żeber,50.0640979,19.9325478,"Karmelicka 9, Kraków"
ChIJtefNuQ5bFkcR3kLvh0dzqlA,Luka Fresh,50.06374589999999,19.9322649,"Karmelicka 6, Kraków"
ChIJLbGDIwBbFkcRIixo-efPmxY,No name Cafe,50.05068279999999,19.94529679999999,"Józefa 22, Kraków"
ChIJk3-ZZwBbFkcRyqNCvPFXLuU,Petite place,50.05107830000001,19.9439504,"Józefa 12, Kraków"
ChIJQ-bFJA5bFkcRwqhVHfERbtw,"Irish pub ""Pod Papugami""",50.0637711,19.938842,"Świętego Jana 18, Kraków"
ChIJFUXdDGpbFkcR21abXzDNo6M,Bill Hickman Bar,50.05082030000001,19.9457153,"Józefa 11, Kraków"
ChIJl2OY0NJbFkcRBeloeffOmCc,Crown Piast Hotel & Park Kraków,50.08585309999999,19.8881688,"Walerego Eljasza-Radzikowskiego 109, Kraków"
ChIJC_Sq7UhFFkcRVnQ599nJlX4,SIGMA Pizza & Resto,50.08785839999999,20.0198233,"Generała Witolda Urbanowicza 23A, Kraków"
ChIJURAY0aJbFkcRZfYBLEJtt-I,Eagle Shisha Bar,50.0664729,19.929198,"Karmelicka 40, Kraków"
ChIJOxGz4xFbFkcRwtQZ8qprdmg,Restauracja The Piano Rouge,50.062256,19.9388943,"Rynek Główny 46, Kraków"
ChIJRRL0y3RbFkcRaDMBYKsqDwA,OFFKIJÓWKLUB,50.05827170000001,19.9249545,"Aleja Zygmunta Krasińskiego 34, Kraków"
ChIJ8f4YlmxbFkcRW1mJQ24Dmjk,Pod Wawelem Kompania Kuflowa,50.054876,19.939403,"Świętej Gertrudy 26/29, Kraków"
ChIJne-tmGpbFkcRULqGJf50uhE,Once upon a time bar,50.0531819,19.9476279,"Szeroka 2, Kraków"
ChIJjyto2mpbFkcRXgnzf-fvTPs,Dolce Vita,50.0540709,19.9453753,"Berka Joselewicza 6, Kraków"
ChIJXYympQ5bFkcRi37ryZpRkkE,Club Laboratorium,50.063174,19.9323464,"Podwale 6, Kraków"
ChIJsZw8kWBbFkcR9oR2sGbAhWY,Bikershot Pub,50.0654971,19.925421,"Czarnowiejska 6, Kraków"
ChIJd1EkJs9bFkcRT5zQhvXVxk8,PANDORA. Cocktail BAR,50.06407850000001,19.9420725,"Szpitalna 36, Kraków"
ChIJsVw0d1ZbFkcRhhwihbUJjWc,Ermitaż 2 Restauracja,50.0548316,19.9446431,"Józefa Dietla 75, Kraków"
ChIJ925BLJJbFkcR6Bhe3a3S7Qs,TRIBE COCKTAIL BAR,50.0663819,19.9442506,"Stanisława Worcella 8, Kraków"
ChIJA9TTChJbFkcRZ7ral2_OHuE,Restauracja Wierzynek,50.0604074,19.9372328,"Rynek Główny 16, Kraków"
ChIJK8Rw4HhBFkcRK8XBWdw-Nrw,BAR PŁOMIEŃ,50.0760955,20.01648,"Mieczysława Medweckiego 2, Kraków"
ChIJC2ZtS8ZbFkcRauowIeaUynk,"Siedem miliardów uśmiechów, a Twój jest moim ulubionym.",50.0503751,19.9428727,"Krakowska 20, Kraków"
ChIJw_CdmQlbFkcRj4C3-gyiaZ0,Lastriko,50.0603584,19.9353648,"Gołębia 6, Kraków"
ChIJwYGhZWpbFkcRghuBoMlFCns,Komisariat,50.0515897,19.9455979,"Estery 16, Kraków"
ChIJ95sWr29bFkcR5cZIgDxUlMk,Egon 2.0 - Pub / Drink Bar,50.06987399999999,19.9182017,"Urzędnicza 26, Kraków"
ChIJbWr1r7FbFkcR1kerx1rdPtc,"""Winnica"" Specjalistyczny sklep z winem Kraków",50.07475609999999,19.9124528,"Kazimierza Wielkiego 124, Kraków"
ChIJ_3UBiL1DFkcRQBNWGYJakLk,Lumpy z Proko,50.0184024,20.0050686,"Lilli Wenedy 17, Kraków"
ChIJcy9SimZbFkcRqtsFaOQuURU,TramBar,50.0505653,19.9497436,"Dajwór 20, Kraków"
ChIJkXUI3yBbFkcRHxn79jS-ZEA,Fast Beer,50.1008667,19.9539914,"Andrzeja Zauchy 7, Kraków"
ChIJebuOxR5bFkcRFm2HjC8aTS0,BAR Kraków – kuchnia azjatycka & koktajle,50.05061199999999,19.9407668,"Augustiańska 1, Kraków"
ChIJc6W4kIBbFkcRQv1f-89b2x0,Salt & Co.,50.058517,19.9331139,"Floriana Straszewskiego 17, Kraków"
ChIJRbBkozxbFkcRXKqFjJMTxnI,Sjesta. Lunch bar,50.06300419999999,19.961028,"aleja Powstania Warszawskiego 12, Kraków"
ChIJbfiWwUhbFkcRbUiLAahmvnI,IVY Cocktail Bar & Karaoke,50.0621099,19.9419646,"Świętego Tomasza 31, Kraków"
ChIJ-SAEjRdbFkcRE_Be5gMYckQ,Dolce far niente,50.0636266,19.9260304,"Czysta 8/LU1, Kraków"
ChIJmUHbJRVbFkcRK3B05aMj4JQ,Grill Bar Mombo,50.0554984,19.9462388,"Starowiślna 35, Kraków"
ChIJ-0zQTw5bFkcRj5HIUaamG68,W Starej Kuchni Restaurant,50.0638616,19.9367491,"Świętego Tomasza 8, Kraków"
ChIJs5TaNhVbFkcRK-KRoaGNtPU,Konfederacka RestoBar,50.0499564,19.9265025,"Konfederacka 4, Kraków"
ChIJuxUNFwBbFkcRVKM3hglN8fM,Jana Kasprobitchas,50.0681907,19.9653243,"Jana Kasprowicza 15, Kraków"
ChIJLQeccwhbFkcRs2g5-A76vtc,Quest Pub,50.06808969999999,19.9289002,"Wilhelma Feldmana 4/1a, Kraków"
ChIJJUBjrUNbFkcR7vDly4NKGo0,Barka Basia,50.04759079999999,19.9489725,"Bulwar Kurlandzki, Kraków"
ChIJsXak9A5bFkcRWRPgrFvYC2w,Charlotte,50.063454,19.9350829,"plac Szczepański 2, Kraków"
ChIJKaZe3UdbFkcRmz_RZLQ3uTg,Słodko i czule,50.06955589999999,19.9235858,"Juliusza Lea 5A, Kraków"
ChIJXQGnIGpbFkcRcnE3MCwue74,Cafe Bar No4,50.07681119999999,19.9057854,"Bartosza Głowackiego 4, Kraków"
ChIJY8umEWNbFkcRuNtZn7rvFIc,NOCE KRK,50.0510793,19.9495699,"Dajwór 14/16, Kraków"
ChIJxziN8g5bFkcRki8S_-gP1S0,The Legends | Music Club,50.06350209999999,19.9348632,"plac Szczepański 3, Kraków"
ChIJG-ZWdKVbFkcRc7lsrgOvvY8,Sinatras Bar - Live Music & Cocktail Bar,50.06281250000001,19.9339109,"Szewska 22, Kraków"
ChIJ4wsDvg1bFkcR2cGYXRF44JA,Gospoda Koko,50.060353,19.9352033,"Gołębia 8, Kraków"
ChIJv2EfzGtbFkcRBRGJpsifWfk,Teatr Cabaret,50.05103,19.9420916,"Krakowska 5, Kraków"
ChIJ8UjsYbpbFkcRrgGNYFg9vu8,Easy Cafe,50.0651242,19.9607193,"Przy Rondzie 2, Kraków"
ChIJ2czkXRJbFkcRwXh6KZoFqMA,Rzeźnia - Ribs on fire - Stare Miasto,50.0593249,19.93831269999999,"plac Dominikański 2, Kraków"
ChIJN9gUQ2pbFkcRC6_kiZbyTNQ,Plac Nowy 1 | Restaurant & Cocktail Bar,50.05141829999999,19.9454059,"plac Nowy 1, Kraków"
ChIJRSG3jhBbFkcRYXZ8U7fZxqY,Jazz Rock Cafe,50.0639241,19.9373782,"Sławkowska 12, Kraków"
ChIJHVnCmHFbFkcRbWQWyZpKMKM,Wino i Miód Winiarnia i Sklep,50.0515931,19.9273516,"Rynek Dębnicki 13, Kraków"
ChIJhwEsTL1bFkcRD8rzpDONyRw,Alkoparty.pl - Hurtownia Alkoholu,50.0784371,19.8773437,"Samuela Bogumiła Lindego 1/1, Kraków"
ChIJH1D9EAhbFkcRQOLQmfnuqiU,Aleksander's Chocolate. Bar,50.0677669,19.927727,"Karmelicka 56, Kraków"
ChIJe3_AdwBbFkcRsHXsFiz5EhQ,Krakow,50.061417,19.94079,"Mały Rynek 1, Kraków"
ChIJwXO-2QlbFkcRCmArZiIoxNM,Tawerna Winne Grono,50.0658612,19.9254355,"Czarnowiejska 23, Kraków"
ChIJ6zEDq4hbFkcRKr9qHr7IRZM,Salute! Bar Zabłocie,50.0480128,19.9641548,"Tadeusza Romanowicza 4, Kraków"
ChIJ1zaa4utbFkcRX0DhH3CLVdM,Fala Kraków Restauracja,50.04596569999999,19.9337586,"Marii Konopnickiej 29, Kraków"
ChIJO_jO9whbFkcRts84FBG3nHw,Kwadrans Bistro - Karmelicka 31,50.0665066,19.9297107,"Karmelicka 31, Kraków"
ChIJLab3iqZbFkcRCqtxJ8whOcs,Trelkovsky Cafe,50.0674038,19.9199318,"Czarnowiejska 55, Kraków"
ChIJ7dUJJB9bFkcRDhXnByReGHs,Pijana Wiśnia,50.0643324,19.9408505,"Floriańska 36, Kraków"
ChIJDzChUgdbFkcR62Zt2kmq7zI,Era Lounge (18+),50.0364586,19.9416942,"Jana Zamoyskiego 79A, Kraków"
ChIJo4kgLBJbFkcRrgkMYAjJYgY,Kogel Mogel,50.0606555,19.9407871,"Sienna 12, Kraków"
ChIJ80X4oWpbFkcRjV_BERtSuMk,Sababa cocktail bar,50.05326700000001,19.9475945,"Szeroka 2, Kraków"
ChIJyZmMxDpFFkcRlOxIIuomvwI,Kebab Żarełko,50.07529279999999,20.0156857,"Mieczysława Medweckiego 7, Kraków"
